question_id,domain,subtopic,difficulty,question,ground_truth_answer,answer_type,reasoning_required,evaluation_notes
"PRG-001","Programming","Python","Easy","What is the output of this Python code? nums = [1, 2, 3]; print([x * 2 for x in nums if x > 1])","[4, 6]","code_output","low","Correct response must give the exact list [4, 6]."
"PRG-002","Programming","C++ references","Easy","What is the output of this C++ code? int x = 5; int& r = x; r += 3; cout << x;","8","code_output","low","Correct response must identify that the reference updates x and the output is 8."
"PRG-003","Programming","Recursion debugging","Easy","What is wrong with this Python function if it is intended to return the sum 1 through n? def f(n): if n == 0: return 0; return f(n - 1)","It never adds n to the recursive result; fix it by returning n + f(n - 1).","code_solution","medium","Correct response must explain the missing accumulation step and provide the fix."
"PRG-004","Programming","OOP inheritance","Easy","What is the output of this Python code? class A: def name(self): return 'A'; class B(A): def name(self): return super().name() + 'B'; print(B().name())","AB","code_output","low","Correct response must give the exact string AB."
"PRG-005","Programming","Time complexity","Easy","What is the time complexity of a loop that scans an array of n items once and does O(1) work per item?","O(n)","complexity","low","Correct response must state linear time and not introduce extra terms."
"PRG-006","Programming","Python mutable default","Medium","What is the output of this Python code? def f(x, acc=[]): acc.append(x); return acc; print(f(1)); print(f(2))","First line [1]; second line [1, 2].","code_output","medium","Correct response must reflect that the default list is shared across calls."
"PRG-007","Programming","C++ pass by value","Medium","What is the output of this C++ code? void swap(int a, int b) { int t = a; a = b; b = t; } int main() { int x = 3, y = 7; swap(x, y); cout << x << ' ' << y; }","3 7","code_output","medium","Correct response must note that the function receives copies."
"PRG-008","Programming","Recursion output","Medium","What is the output of this Python code? def g(n): if n <= 1: return 1; return n * g(n - 1); print(g(4))","24","code_output","low","Correct response must compute the factorial-like recursion correctly."
"PRG-009","Programming","Bug finding","Medium","What is the bug in this C++ loop? for (size_t i = 0; i <= v.size(); ++i) { cout << v[i]; }","The condition should be i < v.size(); otherwise the loop reads one element past the end.","code_solution","medium","Correct response must identify the off-by-one out-of-bounds access."
"PRG-010","Programming","Memory management","Medium","What is wrong with this C++ code? int* p = new int(4); delete p; cout << *p;","It dereferences a deleted pointer; this is use-after-free undefined behavior.","code_solution","medium","Correct response must identify the use-after-free and avoid claiming a defined output."
"PRG-011","Programming","Copy semantics","Hard","What is the output of this Python code? def add(xs, y): xs = xs + [y]; return xs; a = [1, 2]; b = add(a, 3); print(a, b)","[1, 2] [1, 2, 3]","code_output","medium","Correct response must distinguish rebinding from mutating the original list."
"PRG-012","Programming","Polymorphism","Hard","What is the output of this C++ code? struct A { virtual char f() { return 'A'; } }; struct B : A { char f() override { return 'B'; } }; A* p = new B(); cout << p->f();","B","code_output","medium","Correct response must use dynamic dispatch and output B."
"PRG-013","Programming","Closure behavior","Hard","What is the output of this Python code? funcs = []; for i in range(3): funcs.append(lambda: i); print([f() for f in funcs])","[2, 2, 2]","code_output","medium","Correct response must explain late binding of the loop variable."
"PRG-014","Programming","Complexity analysis","Hard","What is the time complexity of this code? for i in range(n): j = 1; while j < n: j *= 2","O(n log n)","complexity","medium","Correct response must combine the outer linear loop with the inner logarithmic loop."
"PRG-015","Programming","Mutable default bug","Hard","What is the bug in this Python function? def fib(n, memo={}): if n in memo: return memo[n]; if n <= 1: return n; memo[n] = fib(n - 1, memo) + fib(n - 2, memo); return memo[n]","The mutable default dictionary is shared across calls; use memo=None and create a new dict inside the function.","code_solution","high","Correct response must identify the shared default state and the standard fix."
"PRG-016","Programming","Aliasing","Expert","What is the output of this Python code? matrix = [[0] * 2] * 3; matrix[0][0] = 1; print(matrix)","[[1, 0], [1, 0], [1, 0]]","code_output","medium","Correct response must recognize that all rows alias the same list."
"PRG-017","Programming","Class attributes","Expert","What is the output of this Python code? class C: vals = []; def __init__(self, x): self.vals.append(x); a = C(1); b = C(2); print(a.vals, b.vals, C.vals)","[1, 2] [1, 2] [1, 2]","code_output","medium","Correct response must explain that vals is a class attribute shared by both instances."
"PRG-018","Programming","Return lifetime","Expert","What is wrong with this C++ function? int* make() { int x = 5; return &x; }","It returns the address of a local variable that stops existing when the function returns.","code_solution","high","Correct response must identify the dangling pointer."
"PRG-019","Programming","Recursion and side effects","Expert","What is the output of this Python code? def h(x, arr=[]): if x == 0: return len(arr); arr.append(x); return h(x - 1, arr); print(h(2), h(1))","2 3","code_output","high","Correct response must account for the shared default list across both calls."
"PRG-020","Programming","Recurrence complexity","Expert","What is the time complexity of this function? def f(n): if n <= 1: return; f(n // 2); f(n // 2); for _ in range(n): pass","O(n log n)","complexity","high","Correct response must solve the recurrence T(n)=2T(n/2)+O(n)."
"DSA-001","Data Structures & Algorithms","Arrays","Easy","Given an array [2, 4, 6, 8], what is the sum of its elements?","20","numerical","low","Correct response must compute the exact sum."
"DSA-002","Data Structures & Algorithms","Strings","Easy","What is the result of reversing the string 'abcd'?","dcba","code_output","low","Correct response must give the exact reversed string."
"DSA-003","Data Structures & Algorithms","Hashing","Easy","After inserting the keys a, b, a into a frequency hash map, what is the count for a?","2","numerical","low","Correct response must count both occurrences of a."
"DSA-004","Data Structures & Algorithms","Stacks","Easy","If a stack receives push 1, push 2, push 3, then one pop, what value is removed?","3","code_output","low","Correct response must use LIFO order."
"DSA-005","Data Structures & Algorithms","Binary search","Easy","What is the time complexity of binary search on a sorted array of size n?","O(log n)","complexity","low","Correct response must state logarithmic time."
"DSA-006","Data Structures & Algorithms","Binary search","Medium","In a sorted 0-based array [2, 4, 6, 8, 10], what index does binary search return for target 8 if found by the usual midpoint rule?","3","numerical","medium","Correct response must return the 0-based index of 8."
"DSA-007","Data Structures & Algorithms","Sliding window","Medium","Which technique is the standard choice for finding the longest substring without repeated characters?","Sliding window with two pointers.","algorithm","medium","Correct response must name the sliding-window approach."
"DSA-008","Data Structures & Algorithms","Linked lists","Medium","What is the standard cycle-detection algorithm for a singly linked list?","Floyd's tortoise-and-hare algorithm.","algorithm","medium","Correct response must name the two-pointer cycle-detection method."
"DSA-009","Data Structures & Algorithms","Sorting","Medium","Which sorting algorithm is stable and has worst-case O(n log n) time?","Merge sort.","algorithm","medium","Correct response must identify merge sort."
"DSA-010","Data Structures & Algorithms","Graphs","Medium","What is the time complexity of BFS on a graph represented with adjacency lists?","O(V + E)","complexity","medium","Correct response must include both vertices and edges."
"DSA-011","Data Structures & Algorithms","Dynamic programming","Hard","How many coins are needed at minimum to make amount 6 with denominations [1, 3, 4]?","2","numerical","high","Correct response must find the minimum coin count, not just any valid combination."
"DSA-012","Data Structures & Algorithms","Greedy algorithms","Hard","For the intervals (1, 3), (2, 4), (3, 5), (0, 6), (5, 7), what is the maximum number of non-overlapping intervals chosen by the greedy activity-selection rule?","3","numerical","high","Correct response must select the maximum compatible set size."
"DSA-013","Data Structures & Algorithms","Shortest paths","Hard","What is the shortest-path algorithm for a graph with nonnegative edge weights?","Dijkstra's algorithm.","algorithm","medium","Correct response must choose Dijkstra rather than an algorithm that requires negative weights."
"DSA-014","Data Structures & Algorithms","Page replacement style sequence","Hard","With 3 empty frames and FIFO replacement, how many page faults occur for references 1, 2, 3, 1, 4, 5?","5","numerical","high","Correct response must count each fault correctly under FIFO."
"DSA-015","Data Structures & Algorithms","Two pointers","Hard","What is the time complexity of using two pointers to scan a string once from both ends, assuming each pointer only moves inward?","O(n)","complexity","medium","Correct response must recognize that each pointer moves at most n steps total."
"DSA-016","Data Structures & Algorithms","Strings","Expert","What is the length of the longest common subsequence of 'abcde' and 'ace'?","3","numerical","medium","Correct response must compute the LCS length exactly."
"DSA-017","Data Structures & Algorithms","Sorting","Expert","What is the worst-case time complexity of quicksort when the pivot is always chosen as the first element and the input is already sorted?","O(n^2)","complexity","medium","Correct response must identify the quadratic worst case."
"DSA-018","Data Structures & Algorithms","Graphs","Expert","Can a topological ordering exist for a directed graph that contains a cycle?","No.","short_answer","medium","Correct response must state that cycles prevent any topological order."
"DSA-019","Data Structures & Algorithms","Sliding window","Expert","What is the length of the longest substring without repeating characters in 'abcaabcbb'?","3","numerical","high","Correct response must compute the maximum unique-window length exactly."
"DSA-020","Data Structures & Algorithms","Binary search","Expert","How can you find the first and last occurrence of a target in a sorted array in O(log n) time?","Use two binary searches: one for the leftmost occurrence and one for the rightmost occurrence.","algorithm","high","Correct response must describe two boundary binary searches."
"ML-001","Machine Learning & AI","Overfitting","Easy","Suppose training accuracy increases while validation accuracy decreases after epoch 20. What is the most likely explanation and what would you try first?","The model is overfitting; I would try early stopping or stronger regularization first.","explanation","medium","Correct response must identify overfitting and a sensible first mitigation."
"ML-002","Machine Learning & AI","Gradient descent","Easy","If the learning rate is set to zero in gradient descent, what happens to the parameters?","They do not change.","short_answer","low","Correct response must state that no update occurs."
"ML-003","Machine Learning & AI","Logistic regression","Easy","In binary logistic regression, what is the predicted probability when the logit z equals 0?","0.5","numerical","low","Correct response must map z=0 through the sigmoid correctly."
"ML-004","Machine Learning & AI","Tokenization","Easy","Why is subword tokenization useful for LLMs?","It reduces out-of-vocabulary problems by letting the model represent rare words as known pieces.","short_answer","medium","Correct response must mention rare words and reduced OOV issues."
"ML-005","Machine Learning & AI","Regularization","Easy","If all other things are fixed, what is the usual effect of increasing L2 regularization on bias and variance?","It usually increases bias and reduces variance.","short_answer","medium","Correct response must describe the bias-variance tradeoff correctly."
"ML-006","Machine Learning & AI","Evaluation","Medium","If training loss keeps decreasing but validation loss stays flat and then rises while training accuracy keeps improving, what is the most likely issue and what should you try first?","Overfitting; try early stopping, stronger regularization, or more data.","explanation","medium","Correct response must identify overfitting and a practical first intervention."
"ML-007","Machine Learning & AI","Neural networks","Medium","What happens if all hidden-layer weights in a neural network are initialized to identical values?","Symmetry is not broken, so the neurons learn the same features and the layer fails to diversify.","explanation","high","Correct response must explain the symmetry problem, not just say initialization is bad."
"ML-008","Machine Learning & AI","Transformers","Medium","What is the computational complexity of full self-attention with sequence length n and hidden size d?","O(n^2 d) time and O(n^2) attention memory.","complexity","high","Correct response must mention the quadratic dependence on sequence length."
"ML-009","Machine Learning & AI","Backpropagation","Medium","Why do sigmoid activations near 0 or 1 often slow learning during backpropagation?","Because their gradients become very small, which causes vanishing gradients.","explanation","medium","Correct response must link saturation to small derivatives and vanishing gradients."
"ML-010","Machine Learning & AI","RAG","Medium","What is the main purpose of retrieval in a retrieval-augmented generation system?","To ground generation in external evidence and reduce reliance on parametric memory.","short_answer","medium","Correct response must mention grounding and external evidence."
"ML-011","Machine Learning & AI","Evaluation","Hard","On a dataset with 95% negatives and 5% positives, a model predicts all negatives and gets 95% accuracy. Why is that misleading?","Accuracy hides that recall for the positive class is zero; use precision, recall, F1, or balanced accuracy instead.","explanation","high","Correct response must point out class imbalance and the missed positive class."
"ML-012","Machine Learning & AI","Fine-tuning","Hard","A fine-tuned model performs better on the training set but worse on held-out data after many epochs. What is the most likely explanation and first fix?","Overfitting; first try early stopping, stronger regularization, or fewer epochs.","explanation","medium","Correct response must identify overfitting and a sensible first fix."
"ML-013","Machine Learning & AI","Tokenization","Hard","Why does byte-pair or subword tokenization help LLMs handle rare words?","It lets the model compose unseen words from known pieces instead of requiring a separate token for every word.","short_answer","medium","Correct response must mention composition from known pieces and reduced OOV risk."
"ML-014","Machine Learning & AI","Transformers","Hard","Why does doubling the sequence length significantly increase the cost of transformer self-attention?","Because each token attends to every other token, so the number of pairwise interactions grows quadratically.","explanation","high","Correct response must explain the pairwise interaction cost."
"ML-015","Machine Learning & AI","Hallucination","Hard","If a RAG system retrieves relevant passages but the model still answers with unsupported claims, what failure mode is most likely?","The generator is ignoring or not properly conditioning on the retrieved context, so it hallucinates despite retrieval.","explanation","high","Correct response must identify the failure as bad conditioning on retrieved evidence."
"ML-016","Machine Learning & AI","Overfitting","Expert","If validation loss rises while training loss falls and weight norms steadily increase, what is the most likely diagnosis and best first action?","Overfitting; increase regularization or stop training earlier.","explanation","high","Correct response must connect the training-validation gap to overfitting and a practical remedy."
"ML-017","Machine Learning & AI","Self-consistency","Expert","Why can self-consistency improve reasoning accuracy compared with a single chain-of-thought sample?","It reduces variance by sampling multiple reasoning paths and selecting the most consistent answer.","explanation","high","Correct response must explain aggregation across multiple samples."
"ML-018","Machine Learning & AI","Self-attention","Expert","In a transformer, what does the attention weight from token i to token j represent?","How much token i uses token j when forming its contextualized representation.","short_answer","medium","Correct response must describe attention as a contribution weight from j to i."
"ML-019","Machine Learning & AI","Regularization","Expert","If you increase model size without increasing training data or regularization, what failure mode often becomes more likely?","Overfitting and weaker generalization.","short_answer","medium","Correct response must mention degraded generalization from data-limited scaling."
"ML-020","Machine Learning & AI","Hallucination evaluation","Expert","When evaluating hallucination in open-ended QA, what is the key requirement for a correct answer?","It must be supported by the provided context or verified ground truth; unsupported claims count as hallucinations.","explanation","high","Correct response must require support from evidence, not just fluent wording."
"OS-001","Operating Systems","Processes and threads","Easy","Two threads in the same process share which resources: stack, heap, or address space?","Heap and address space are shared; each thread has its own stack.","short_answer","medium","Correct response must distinguish shared heap from per-thread stack."
"OS-002","Operating Systems","Context switching","Easy","During a context switch, what must the OS save and restore?","CPU state such as registers, program counter, and stack pointer.","short_answer","medium","Correct response must mention the core execution state."
"OS-003","Operating Systems","CPU scheduling","Easy","In FCFS scheduling, which process runs first among arrivals P1 at t=0 and P2 at t=1?","P1.","short_answer","low","Correct response must follow first-come-first-served order."
"OS-004","Operating Systems","Synchronization","Easy","If a mutex is held by one thread, can another thread enter the critical section without waiting?","No.","short_answer","low","Correct response must say the lock prevents concurrent entry."
"OS-005","Operating Systems","Semaphores","Easy","What is the role of a semaphore initialized to 1?","It can act as a binary lock for mutual exclusion.","short_answer","medium","Correct response must connect value 1 with binary mutual exclusion."
"OS-006","Operating Systems","Race conditions","Medium","A shared counter is incremented by two threads without synchronization. What bug can occur?","A race condition that causes lost updates.","short_answer","medium","Correct response must identify the lost-update race."
"OS-007","Operating Systems","Virtual memory","Medium","If the page size is 4 KB, how many offset bits does a virtual address have for the page offset?","12","numerical","medium","Correct response must use 4 KB = 2^12 bytes."
"OS-008","Operating Systems","File systems","Medium","What is the main metadata stored in an inode?","File metadata and pointers to file blocks, not the filename itself.","short_answer","medium","Correct response must distinguish metadata from the directory entry name."
"OS-009","Operating Systems","Page replacement","Medium","Which page replacement policy evicts the page that has not been used for the longest time?","LRU","short_answer","medium","Correct response must name least-recently-used replacement."
"OS-010","Operating Systems","Synchronization","Medium","What is the correct order for a semaphore-based producer-consumer critical section?","Producer waits on empty, locks mutex, inserts item, unlocks mutex, then signals full.","explanation","high","Correct response must preserve the correct semaphore and mutex ordering."
"OS-011","Operating Systems","Deadlocks","Hard","Given a system with one instance of each resource and a cycle in the resource-allocation graph, what can be concluded?","Deadlock can occur; with single-instance resources, a cycle implies deadlock.","short_answer","high","Correct response must connect the cycle to deadlock under the single-instance condition."
"OS-012","Operating Systems","Memory management","Hard","Suppose a memory reference takes 100 ns on a TLB hit and 300 ns extra on a miss. If the hit rate is 90%, what is the effective access time?","130 ns","numerical","high","Correct response must compute the weighted average correctly."
"OS-013","Operating Systems","Page replacement","Hard","With 3 empty frames and LRU replacement, how many page faults occur for references 1, 2, 3, 1, 4, 5?","5","numerical","high","Correct response must count each fault correctly under LRU."
"OS-014","Operating Systems","CPU scheduling","Hard","Which scheduling policy is usually better for interactive systems because it improves response time by sharing CPU time slices?","Round Robin.","short_answer","medium","Correct response must pick Round Robin rather than a batch-oriented policy."
"OS-015","Operating Systems","Concurrency","Hard","What is the most likely effect of holding a mutex while performing a long blocking I/O operation?","It increases contention and reduces concurrency because other threads must wait longer for the lock.","explanation","medium","Correct response must explain the throughput and waiting-time impact."
"OS-016","Operating Systems","Deadlock avoidance","Expert","For Banker-style safety checking, what safe sequence exists for the classic state with Available = (3, 3, 2) and Allocation/Max matrices from the standard example?","P1, P3, P4, P0, P2","short_answer","high","Correct response must provide a valid safe sequence for the given state."
"OS-017","Operating Systems","Priority scheduling","Expert","A low-priority thread holds a lock while a high-priority thread waits and a medium-priority thread keeps running. What is this phenomenon called?","Priority inversion.","short_answer","medium","Correct response must name priority inversion."
"OS-018","Operating Systems","Synchronization","Expert","Why does using a spinlock make more sense than a sleeping lock for a very short critical section on a multiprocessor?","Because the expected wait is shorter than the context-switch overhead, so spinning can be cheaper than sleeping and waking.","explanation","high","Correct response must compare wait time with context-switch overhead."
"OS-019","Operating Systems","File systems","Expert","What is the main benefit of journaling in a file system?","Faster crash recovery and better consistency by recording intent before applying metadata updates.","short_answer","medium","Correct response must mention recovery and consistency."
"OS-020","Operating Systems","Concurrency","Expert","If two threads acquire locks in opposite order A then B and B then A, what issue can happen?","Deadlock due to circular wait.","short_answer","medium","Correct response must identify deadlock and the circular-wait cause."
"MATH-001","Mathematics","Algebra","Easy","Solve for x: 2x + 3 = 11.","4","numerical","low","Correct response must solve the linear equation exactly."
"MATH-002","Mathematics","Vectors","Easy","Compute the dot product of [1, 2] and [3, 4].","11","numerical","low","Correct response must multiply and add the coordinates correctly."
"MATH-003","Mathematics","Calculus","Easy","What is the derivative of x^2 + 3x at x = 2?","7","numerical","medium","Correct response must differentiate and evaluate at the point."
"MATH-004","Mathematics","Probability","Easy","What is the probability of rolling a fair die and getting a value greater than 4?","1/3","numerical","low","Correct response must count the two favorable outcomes out of six."
"MATH-005","Mathematics","Statistics","Easy","What is the mean of 2, 4, 6, and 8?","5","numerical","low","Correct response must compute the arithmetic average."
"MATH-006","Mathematics","Matrices","Medium","What is the determinant of [[1, 2], [3, 4]]?","-2","numerical","medium","Correct response must compute the 2x2 determinant correctly."
"MATH-007","Mathematics","Probability","Medium","If X is Binomial(3, 0.5), what is P(X = 2)?","3/8","numerical","medium","Correct response must use the binomial formula correctly."
"MATH-008","Mathematics","Calculus","Medium","Evaluate the integral from 0 to 3 of 2x dx.","9","numerical","medium","Correct response must integrate and apply the bounds."
"MATH-009","Mathematics","Linear equations","Medium","Solve the system x + y = 5 and x - y = 1.","x = 3, y = 2","short_answer","medium","Correct response must give both variables correctly."
"MATH-010","Mathematics","Optimization","Medium","What is the gradient of f(x, y) = x^2 + y^2 at the point (1, -2)?","(2, -4)","mathematical_derivation","medium","Correct response must differentiate with respect to both variables and evaluate the gradient."
"MATH-011","Mathematics","Matrices","Hard","Compute [[1, 2], [0, 1]] times [[2], [3]].","[[8], [3]]","numerical","medium","Correct response must perform the matrix-vector multiplication exactly."
"MATH-012","Mathematics","Probability","Hard","If events A and B are independent with P(A) = 0.4 and P(B) = 0.5, what is P(A and B)?","0.2","numerical","medium","Correct response must multiply the independent probabilities."
"MATH-013","Mathematics","Optimization","Hard","For f(x) = x^2 - 6x + 5, where is the minimum and what is its value?","Minimum at x = 3 with value -4.","mathematical_derivation","high","Correct response must identify the vertex and minimum value."
"MATH-014","Mathematics","Linear algebra","Hard","What are the eigenvalues of the diagonal matrix diag(2, 5)?","2 and 5","short_answer","low","Correct response must return the diagonal entries as the eigenvalues."
"MATH-015","Mathematics","Statistics","Hard","Using the sample variance formula with denominator n - 1, what is the variance of the data set {1, 2, 3, 4}?","5/3","numerical","high","Correct response must use sample variance, not population variance."
"MATH-016","Mathematics","Probability","Expert","A disease has prevalence 1%, a test has 99% sensitivity and 95% specificity, and a person tests positive. What is P(disease | positive)?","1/6","mathematical_derivation","high","Correct response must apply Bayes rule and handle the base rate correctly."
"MATH-017","Mathematics","Optimization","Expert","What is the maximum of x y subject to x + y = 10?","25 at x = 5 and y = 5","mathematical_derivation","high","Correct response must find both the maximizing point and the objective value."
"MATH-018","Mathematics","Matrices","Expert","What is the determinant of [[1, 2, 3], [0, 1, 4], [5, 6, 0]]?","1","numerical","high","Correct response must compute the 3x3 determinant exactly."
"MATH-019","Mathematics","Statistics","Expert","Find the least-squares line y = mx + b for the points (1, 1), (2, 2), and (3, 2).","m = 1/2, b = 2/3","mathematical_derivation","high","Correct response must provide both slope and intercept."
"MATH-020","Mathematics","Optimization","Expert","What is the minimum value of x^2 + 2y^2 subject to x + y = 6?","24 at x = 4 and y = 2","mathematical_derivation","high","Correct response must solve the constrained optimization problem correctly."
